{
  "hash": "dbe8b644",
  "configHash": "06e58f12",
  "lockfileHash": "a8df8d89",
  "browserHash": "f5fc93f9",
  "optimized": {
    "@angular/animations": {
      "src": "../../../../../node_modules/@angular/animations/fesm2022/animations.mjs",
      "file": "@angular_animations.js",
      "fileHash": "8a5586f7",
      "needsInterop": false
    },
    "@angular/common": {
      "src": "../../../../../node_modules/@angular/common/fesm2022/common.mjs",
      "file": "@angular_common.js",
      "fileHash": "e507ddb4",
      "needsInterop": false
    },
    "@angular/common/http": {
      "src": "../../../../../node_modules/@angular/common/fesm2022/http.mjs",
      "file": "@angular_common_http.js",
      "fileHash": "c3fc4e0c",
      "needsInterop": false
    },
    "@angular/core": {
      "src": "../../../../../node_modules/@angular/core/fesm2022/core.mjs",
      "file": "@angular_core.js",
      "fileHash": "5dd364ea",
      "needsInterop": false
    },
    "@angular/forms": {
      "src": "../../../../../node_modules/@angular/forms/fesm2022/forms.mjs",
      "file": "@angular_forms.js",
      "fileHash": "ee1fd585",
      "needsInterop": false
    },
    "@angular/platform-browser": {
      "src": "../../../../../node_modules/@angular/platform-browser/fesm2022/platform-browser.mjs",
      "file": "@angular_platform-browser.js",
      "fileHash": "db10a311",
      "needsInterop": false
    },
    "@angular/platform-browser/animations": {
      "src": "../../../../../node_modules/@angular/platform-browser/fesm2022/animations.mjs",
      "file": "@angular_platform-browser_animations.js",
      "fileHash": "83374ed0",
      "needsInterop": false
    },
    "@angular/router": {
      "src": "../../../../../node_modules/@angular/router/fesm2022/router.mjs",
      "file": "@angular_router.js",
      "fileHash": "32a3abe8",
      "needsInterop": false
    },
    "rxjs": {
      "src": "../../../../../node_modules/rxjs/dist/esm5/index.js",
      "file": "rxjs.js",
      "fileHash": "dc4cd714",
      "needsInterop": false
    }
  },
  "chunks": {
    "chunk-BHDDL226": {
      "file": "chunk-BHDDL226.js"
    },
    "chunk-5CZMZ5WG": {
      "file": "chunk-5CZMZ5WG.js"
    },
    "chunk-2572PXDU": {
      "file": "chunk-2572PXDU.js"
    },
    "chunk-MT6I7CWK": {
      "file": "chunk-MT6I7CWK.js"
    },
    "chunk-FCT5AU64": {
      "file": "chunk-FCT5AU64.js"
    },
    "chunk-SXIXOCJ4": {
      "file": "chunk-SXIXOCJ4.js"
    }
  }
}